Category,Hospital name,Hospital address,Contact mobile,Contact name,Beds general,Beds HDU,Beds ICU,Beds ICU Ventilator,Beds total
Govt. hospital,K C General Hospital,"Malleswaram Circle, Police Station Rd, Bengaluru, Karnataka 560003",,,,,,,
Govt. hospital,Taluka Heath Center Doddaballapura,"Doddaballapura, Karnataka 561203",,,,,,,
Govt. hospital,General Hospital Jayanagar,"32nd Cross, 4th B Block, beside Rajiv Gandhi Health Institute, Tilak Nagar, Jayanagar, Bengaluru, Karnataka 560041",,,,,,,
Govt. hospital,Taluk Hospital Hosakote,"Hoskete, Bangalore Rural NH-4, Bangalore, Road, Hoskote, Karnataka 562114",,,,,,,
Govt. hospital,General Hospital Anekal,"Weaver Colony, Anekal, Karnataka 562106",,,,,,,
Govt. hospital,Epedimic Disease Hospital,"Indira Nagar I Stage, Hoysala Nagar, Indiranagar, Bengaluru, Karnataka 560038",,,,,,,
Govt. hospital,Taluk Hospital Nelamangala,"Jayanagara, Indiranagara, Karnataka 562123",,,,,,,
Govt. hospital,General Hospital Kr Puram,"Krishnarajapura, Bengaluru, Karnataka 560036",,,,,,,
Govt. hospital,General Hospital Yelahanka,"Yelahanka, Bengaluru, Karnataka 560064",,,,,,,
Govt. hospital,Taluk Hospital Devanahalli,"SH 96, Devanahalli, Binnamangala, Karnataka 562110",,,,,,,
Govt. hospital,Leprosy Hospital,"4, Magadi Main Rd, Basaveshwar Nagar, 3rd Stage, Basaveshwar Nagar, Bengaluru, Karnataka 560079",,,,,,,
Govt. hospital,Sir C V Raman General Hopsital Indiranagar,"68/1, 4th B Cross Rd, Kalyan Nagar, Michael Palaya, H Colony, Indiranagar, Bengaluru, Karnataka 560038",,,,,,,
Govt. hospital,Trauma And Emergency Care Centre,"New Tharagupet, Bengaluru, Karnataka 560002",,,,,,,
Govt. hospital,ESI Hospital Indiranagar,"7th Main Rd, Appareddipalya, Indiranagar, Bengaluru, Karnataka 560008",,,,,,,
Govt. hospital,ESIMC PGIMSR MODEL HOSPITAL,"620/A/1, 12th Main Rd, 2nd Block, Rajajinagar, Bengaluru, Karnataka 560010",,,,,,,
Govt. medical college,Victoria Hospital,"Fort Rd, near City Market, New Tharagupet, Bengaluru, Karnataka 560002",,,,,,,
Govt. medical college,SDS TRC RGICD,"Someshwaranagara Dharmaram College Post, 1st Main Rd, near NIMHANS, Bengaluru, Karnataka 560029",,,,,,,
Govt. medical college,Bowring And Lady Curzon Hospitals,"Lady Curzon Rd, Shivaji Nagar, Bengaluru, Karnataka 560001",,,,,,,
Private hospital,St Johns Medical College Hospital,Sarjapur Road John Nagar Koramangala,9902342129,Dr Aaron Lobo,1084,0,55,55,1194
Private hospital,Vydehi Hospital,Vydehi Hospital 82 Epip Area Whitefield Bangalore 560066,9916670698,Chalapthi,925,0,50,25,1000
Private hospital,KIMS Hospital And Research Center,K R Road V V Puram Bangalore 560004,9341948183,Dr Ashwath Narayan DH,870,0,50,30,950
Private hospital,Rajarajeswari Medicalcollege And Hospital,Rajarajeswari Medicalcollege And Hospital Kambipura Mysore Road Bangalore 560074,9611108008,Dr Praveen Kumar,800,0,25,5,830
Private hospital,Manipal hospital,Manipal Hospitals 98 HAL Airport Road Bangalore,9980512330,Shanthala,571,0,7,10,588
Private hospital,The Oxford Medical College Hospital and Research center,Yadavanahalli NH 7 Hosur main road Attibele Anekal TalukBengaluru Rural,8105499689,Dr Girish G Hongal,539,0,5,6,550
Private hospital,Narayana Hrudayalaya Private Limited,Narayana Hrudayalaya Private Limited 258 A Bommasandra Industrial Area Anekal Taluk Bangalore 560099,9742271415,priya shivaji rao,390,0,120,35,545
Private hospital,MVJ Medical College And Research Hospital,Mvj Medical College And Research Hospital 30Th Km Milestone National Highway 04 Hoskote Dandupalya 562114,8028060251,Dr Pramodh,324,180,20,4,528
Private hospital,Sapthagiri Super Speciality Hospital,Sapthagiri Super Speciality Hospital No 15 Chikkasandra Hesargatta Road Bangalore 560090,8022188999,Sapthagiri,418,0,47,15,480
Private hospital,Dr B R Ambedkar Medical College,Shampura Main Road Kadugondanahalli,7204715902,COVID ward duty Doctor,455,0,10,5,470
Private hospital,Bhagwan Mahaveer Jain Hospital,Bhagwan Mahaveer Jain Hospital Millers Road Vasanthnaga Bangalore 560052,9901099222,Dr Hiremath,419,0,16,25,460
Private hospital,Sagar Hospitals,Sagar Hospitals Shavige Malleshwara Hills Kumarswamy Layout Banashankari Bangalore South 560078,42999999,Medical Director,341,0,0,0,341
Private hospital,Aster CMI Hospital,Aster Cmi Hospital 43 2 Nh 7 Sahakarnagar Bengaluru 560092,9538897501,Hemanth Kumar,261,0,40,10,311
Private hospital,SSNMC Super Specialty Hospital,No 8 Ideal Homes HBCS Layout Rajarajeshwari Nagar Bangalore South 560098,9900156577,Dr Kiran Kumar,237,0,30,8,275
Private hospital,Sakra Hospital,SY NO 52 2 52 3 Devarabeesanahalli Varthur Hobli Opp Intel Outer Ring Rd Marathahalli Bengaluru,9341960717,Dr Deepak Balani,236,0,3,31,270
Private hospital,BANGALORE BAPTIST HOSPITAL,BELLARY ROAD HEBBAL BANGALORE,9740787540,Dr Kingsly,203,0,32,20,255
Private hospital,M S Ramaiah Hospital,M S Ramaiah Hospital Msr Nagar Msrit Post Bangalore North 560054,9008300564,Shobha Devi,219,0,2,34,255
Private hospital,ST MARTHAS Hospital,Nrupathunga Rd Ambedkar Veedhi Bengaluru Karnataka 560001,9008002020,Stephen Kotian,226,0,20,4,250
Private hospital,BGS Global Institute of Medical Science and Hospital,No 67 BGS health and education city uttarahalli main road kengeri Bangalore,9008305323,Jayashree,173,0,45,22,240
Private hospital,St Philomenas Hospital,No 4 Campbell Road Xavier Layout Viveknagar Bangalore 560047,8951281966,Dr Shankar Prasad,230,0,0,0,230
Private hospital,Apollo Hospitals Bannerghatta A Unit of Imperial Hospital,Bannerghatta Bangalore,9902522250,ravi,197,0,3,30,230
Private hospital,Vikram Hospital Bengaluru Private Limited,Millers Road Opp St Annes College Bengaluru 560 052,8884492669,dr nabi alji,203,0,2,20,225
Private hospital,East Point Hospital,East Point Hospital 113 Bidarahalli Virgonagara Bangalore East 560049,9966770043,Dr Sheshasai,105,0,100,5,210
Private hospital,SHIFAA HOSPITAL,NO 332 DARUS SALAM QUEENS ROAD BANGALORE 560052,9980850923,Sharfadin Ulla,172,0,10,8,190
Private hospital,Rainbow Childrens Medicare Private Limited,Sy No 8 5 Marathalli Kr Puram Outer Ring Road Doddanekundi Marathalli Bengaluru 560037,8884900227,Dr Divya Shetty,120,10,40,20,190
Private hospital,Chinmaya Mission Hospital,CMH Road Indira Nagar Bangalore 560038,9448943678,Dr A A Dakshinamurthy,155,0,5,6,166
Private hospital,SPARSH SUPER SPECIALITY HOSPITAL,NO 4 1 TUMKUR ROAD YESHWANTHPUR,9900040368,Savitha Shetty,113,0,40,12,165
Private hospital,Columbia Asia Referral Hospital Yeshwanthpur,26 4 Brigade gateway Beside metro Malleswaram west Bangalore 560055,9008504786,Dr Firooz torgal,133,0,10,10,153
Private hospital,Yashomati Hospitals,2371 3 HAL Airport varthur road munne kolala Marathalli,9035011712,RESHMA,147,0,1,2,150
Private hospital,Sagar hospital Jayanagar,44 54 30th Cross Rd Bannerughatta Approach Road Layout 4th T Block East Tilak Nagar Jayanagar Blr,9591991802,Sagar,87,0,22,16,125
Private hospital,People Tree Hospitals,Tumkur Road Goraguntepalya Yeshwanthpur,9173532013,Dr Mohan,109,0,9,5,123
Private hospital,Columbia Asia Hospital,Survey No 42 2 Ward No 150 Ambalipura Sarjapura Road Bangalore 560102,9902933578,Dr Jayashree,114,0,2,4,120
Private hospital,Rangadore hospital,1st Cross Rd Shankarapura Basavanagudi Bengaluru Karnataka 560004,9342812997,GAYATHRI SUBRAMANYAM,104,0,1,5,110
Private hospital,Mallige Medical Centre Private Limited,31 32 Crescent Road Bangalore,9845973984,Rangaswamy,80,0,15,6,101
Private hospital,HBS Hospital Trust,No 58 Cockburn road shivajinagar,9845154577,RAFI ULLA SHARIFF,95,0,0,0,95
Private hospital,Santosh Hospital,Promenade Road Bengaluru North,9008822462,Musamill Pasha,90,0,0,0,90
Private hospital,FORTIS HOSPITALS,Cunningham Road near Sigma Central Mall Vasanth Nagar Bengaluru Karnataka 560052,802253698,Dr Aparna,63,0,1,23,87
Private hospital,Columbia Asia hospital White Field,Whitefield Main Rd Varthur Kodi Ramagondanahalli Bengaluru Karnataka 560066,9827075015,Tanvika Sharma,71,0,2,7,80
Private hospital,ST THERESAS HOSPITAL,DR RAJKUMAR ROAD RAJAJINAGAR,9886495857,Shanta,79,0,0,1,80
Private hospital,Aster RV Hospital,JP Nagar Bengaluru,9538897501,Hemanth,52,0,19,5,76
Private hospital,Columbia Asia Hospital Hebbal,KIRLOSKAR BUSINESS PARK BELLARY ROAD HEBBAL BENGALURU,9945623523,Arun,55,0,9,11,75
Private hospital,TRUSTWELL HOSPITALS PRIVATE LIMITED,5 chandrika trade centre J C road,9986154847,Alwin Poul,60,0,5,5,70
Private hospital,Suguna Hospital Bangalore,No 87 Dr Rajkumar Road 4th N Block Rajajinagar,9880277175,Dr Sunanda,52,0,11,5,68
Private hospital,Agadi Hospital,Siddaiah Rd Vinayaka Nagar Shamana Garden Wilson Garden Bengaluru Karnataka 560027,9845184436,Dr Sushma,50,0,8,4,62
Private hospital,Medihope Hospitals And Research Centre Pvt Ltd,Medihope Hospitals And Research Centre Pvt Ltd No 114 1 Malleshpalya Main Road New Thippasandra Post Bangalore 560075,8033431000,Medihope,55,0,0,5,60
Private hospital,APOLLO HOSPITALS ENTERPRISE LIMITED,14th Cross Road near Madhavan Park Circle Jayanagar East Jayanagar Bengaluru Karnataka 560011,9900236831,Dr Govindaiah Yatheesh,42,0,2,8,52
Private hospital,MEDSTAR SPECIALITY HOSPITAL,NO 641 17 1 3 KODIGEHALLI MAIN ROAD SAHAKAR NAGAR POST BANGALORE,9611935455,Chikkalingaiah,37,0,10,3,50
Private hospital,SI Vega Hospital Private Limited Regal Hospital,No 30 Cmr Complex Chokkanahalli Hegdenagar Main Road Bangalore 560064,9902011037,Vega,50,0,0,0,50
Private hospital,Fortis hospital Rajajinagar,west of chord road opposite to first block rajajinagar junction near rajajinagar metro station,9845821821,Dr kavya,33,0,10,4,47
Private hospital,M S Ramaiah Narayana Heart Centre,MSR IT Post MSR Nagar New Bel Road,9980021380,Vijay,45,0,0,0,45
Private hospital,PM Santosha Hospital,1344 1 63 3 Himigepura Ward No 193 Behind Bgs Global Hospital Next To Galaxy Apts,9448375528,Sudharashan,31,0,9,3,43
Private hospital,Dr Malathi Manipal Hospital,45th Cross 9th Block Jayanaga Opp to Bangalore Central Bangalore 5600069,7259278034,Swathi,18,0,15,8,41
Private hospital,Prakriya Hospitals A Unit of C Square Healthcare,Sy No 41 Raja Reddy Layout 8th Mile Tumkur Road Nagasandra Post Bangalore 560073,8105043560,Dr Srinivas,24,0,12,4,40
Private hospital,Rajshekar Multi Speciality Hospital Pvt Ltd,9th Cross 1st Phase JP Nagar Bengaluru 560078,9591950480,DR MANJUNATH,34,0,0,6,40
Private hospital,Vijayanagar Hospital,17th Cross M C Road Near Vijayanagar Metro Station Vijayanagar Bangalore 560040,9449000619,Vijay,37,0,0,3,40
Private hospital,Specialist Health System Pvt Limited,Specialist Health System Pvt Limited No 216 7 Th Main 80 Ft Road 1 St Block Hrbr Layout Kalayanagar Bangalore 560043,8042522322,specialist,36,0,0,4,40
Private hospital,Vasavi Hospital,15 1st Stage Opp to 15E Bus Stop 70th Cross Rd Kumaraswamy Layout Bengaluru Karnataka 560078,9743161722,Gayathri,30,0,2,3,35
Private hospital,Ehaa Hospital,No 9 3rd Cross Road Sultanpalya Main Road RT Nagar manorayana Palya Bengaluru Karnataka,7829015207,Dr Shesha Sai,21,0,12,2,35
Private hospital,Shanbhag Hospital Unit of Ananya Hospital Pvt Ltd,No 6 Thimmaiah Layout 1st Main III D Cross III Stage II Block Basaveshwaranagar Bengaluru,8951111318,Shanbag,35,0,0,0,35
Private hospital,Motherhood Hospital A Unit of Rhea Healthcare Pvt,324 CMH Road 1st Stage Indiranagar Bangalore 560038,9886496903,Dr Ryan Alex,27,0,2,6,35
Private hospital,Pristine Hospital And Research Centre Pvt Ltd,Dr MC Modi Hospital Rd K N Extension West of Chord Road Stage 2 Nagapura Bengaluru Karnataka,9880762701,Pristine,29,0,3,3,35
Private hospital,Nu Hospitals Pvt Ltd,Nu Hospitals Pvt Ltd C A 6 15Th Main 11Th Cross Padmanabhanagar Bangalore 560070,9900133661,Dr Kumar Prabhu M,31,0,0,2,33
Private hospital,New Janapriya Super Specialty Hospital,319 East Of NGEF Layout Opposite Sbi Bank Kasturinagar,9902022053,Dr Gangadhar,28,0,2,2,32
Private hospital,Bangalore Cancer Centre Private Limited,118 1 2 Mookambika Temple Road Machohalli Forest Gate Magadi Main Road Bangalore 560091,7829135197,Dr Prakash BV,26,0,2,2,30
Private hospital,Manipal Northside Hospital a unit of MHEPL,71 11th Main Opposite Malleshwaram Railway station Malleshwaram,9836033220,Deepak Venugopalan,18,0,8,4,30
Private hospital,CHRIS SUPER SPECIALITY HOSPITAL,At Chris Super Speciality Hospital and Research Centre First Floor Hennur Junction Kalyan Nagar,9945015827,Jijo,14,0,14,2,30
Private hospital,Varthur Silicon City Hospital Pvt Ltd LLP,opp darmarayaswamy temple road varthur Bangalore 560087,8660090207,Varthur,30,0,0,0,30
Private hospital,Ananya Hospital Pvt Ltd Rajajinagar,19th Main Rd 1st Block Rajajinagar Bengaluru Karnataka 560010,9591999154,Ananya,20,0,6,2,28
Private hospital,Healthcare Global Enterprises Ltd,Healthcare Global Enterprises Ltd No44 45 2 2Nd Cross Raja Rammohan Roy Extn Off Lalbagh Double Road Bangalore 560027,8040206000,DR ASWAK,23,0,1,2,26
Private hospital,Aveksha Hospital,122 Varadarajaswamy Layout MS Palya Singapura Bengaluru,9740291389,Dr Adithya,23,0,0,2,25
Private hospital,Sathya Sai Orthopadic and Multispeciality Hospital,20 2 Battarahalli Old RTO office road Old Madras road Bangalore,9845054434,Mahesh,19,0,2,4,25
Private hospital,Punya Hospitals India pvt Ltd,80feet Road KHB Colony Basaveshwaranagar Bangalore 560079,9845202103,Dr Nagaraj Puttaswamy,22,0,1,2,25
Private hospital,PAN Nagarbhavi Hospitals Pvt Ltd,611 612 Nagarabhavi Mainroad 2nd Stage Vinayaka Layout Nagarabhavi Bengaluru Karnataka,7204898074,Vani R,21,0,1,3,25
Private hospital,Motherhood Hospital A Unit of Rhea Healthcare Pvt,514 1 2 3 Koikondrahalli Villege Sarjapura Road Bangalore 560104,9845777105,Dr Kumari deepmala,17,0,3,5,25
Private hospital,Ramaiah Harsha Hospital,93 4 Sondekoppa Circle Nelamagnala,9886809595,MR NARESH KUMAR H N,25,0,0,0,25
Private hospital,Raksha Multispeciality Hospital,No141 142 1st Main Khb Colony Krishnanda Nagarpolice Quarters Nandini Layout,8152976976,Raksha,25,0,0,0,25
Private hospital,ACE Suhas Hospital,CA 2 circle Jigani Industrial Area Anekal Bangalore,9848865811,SUHAS,25,0,0,0,25
Private hospital,cytecare Hospital Pvt Ltd,No 3 1A4 Venkatala Near Bagalur Cross Yelahanka Hobli Bengaluru 560064,8884418400,compliance,20,0,1,4,25
Private hospital,Rajmahal Vilas Hospital A Unit of Anjan Nursing Home,AECS Layout Sanjaynagar Bengaluru 560094,9945335590,Raj,24,0,0,0,24
Private hospital,Excelcare Hospital A Unit of Excelcare Health Alli,No 3 2 27th Cross Monotype Banashankari 2nd Stage Bangalore 560070,9731520700,Suresh Krishnamurthy,17,0,2,4,23
Private hospital,Sri Sai Hospitals,Sri Raghavendraswamy Layout Yadavanahalli Attibele Hobli Anekal taluk Bangalore 562107,9742217673,Dhananjay,15,0,3,5,23
Private hospital,Koshys Hospital,TC Palya Main Road Ramamurthy Nagar Bangalore,9902276173,Dr Prabhu,20,0,0,2,22
Private hospital,Abhay Vasishtha Hospital,139 561A2 Mandanayakanahalli madavara post dasanpura Hobli Tumkur Road Bangalore 562162,9742915708,DR MANOJITH,16,0,2,2,20
Private hospital,Navachethana Hospital A Unit of Pan Asia Hospitals,A Sector opp Rail Wheel Factory Doddaballapura Main Road Yelahanka New town Bangalore 560064,9845354756,Navachethan,17,0,0,3,20
Private hospital,The Heart Center,5/13 5/13 Miller Tank Bund Rd Kaverappa Layout Vasanth Nagar Bengaluru Karnataka 560051,8050089110,Rehan,20,0,0,0,20
Private hospital,Apoorva Hospitals And Diagnostic Centre,548 1 CMH Road Indiranagar Bangalore 560038,8884488120,Dr Vinodkumar,17,0,0,2,19
Private hospital,Sparsh Hospital For Advanced Surgeries,146 Infantry Road Bangalore,9880082479,Sparsh,11,0,3,5,19
Private hospital,VIJAYASHREE HOSPITALS,187 2 VINAYAKA CIRCLE JIGANI ANEKAL TQ BANGALORE,9980937878,Ashoka,16,0,0,2,18
Private hospital,Apollo Specialty Hospital Pvt Ltd,101 209 210 ITPL Main Road Kundalahalli Brookefield Bengaluru 560037,9880304613,Raghunandhan,14,0,0,4,18
Private hospital,Sri Ashwini Hospital,Jakkur Main Road Yelahanka Old Town Opposite B.D.K. Kalyana Mandapa Nehru Nagar Bengaluru Karnataka 560064,9886328371,Dhanush,16,0,0,2,18
Private hospital,Atreum Hospitals Pvt Ltd,N 916D 80 feet Road Ideal homes township Rajarajeshwari Nagar Bangalore 560098,9980200722,Dr Harish Kumar,15,0,1,1,17
Private hospital,Sri Sai Hospital,18th Cross 14th Main 5th Block 1st Stage HBR Layout Nagawara Bus Stop Behind Ganesha Temple,9620624659,Dr Mohan gurappa,12,0,1,2,15
Private hospital,Deepasri Multi Specialities Hospital,No 82 And 83 Surabhi Nagar Jp Nagar 8th Phase Jambhusavari Dinne Bangalore 560076,9538693211,Deeparshri,10,0,4,1,15
Private hospital,Gunasheela Surgical And Maternity Hospital,Dewan N Madhava Rao Road Basavanagudi,9964099475,Gunasheela,11,0,1,3,15
Private hospital,Akshaya Eye Hospital A Unit of Right Axis Eye Hospital,Akshara Eye Hospital S V Arcade Devarachikkanahalli Road Bilekahalli Bangalore 560076,9900089550,Ashish kumar,15,0,0,0,15
Private hospital,Nethradhama Hospitals Pvt Ltd,No 77 1st Main Rajkumar Road 2nd Block Rajajinagar 560021,9538100475,Netradhama,15,0,0,0,15
Private hospital,Ovum Hospitals A Unit Of Neonatal Care And Resear,No 5Ac 916 Outer Ring Road HRBR Layout Bamaswadi Bengaluru 560043,8088292629,Adarsh,10,0,2,3,15
Private hospital,Apurva Mother And Child Hospital,1002 D BB Road Yelahanka Old Town Bangalore 560064,9535566000,Apurva,10,0,2,3,15
Private hospital,Arunodaya Hospitals,18 23 4th and 5th Cross Mallasandra Main Road Bagalagunte Hesaraghatta Road Bangalore 560057,9731521111,Aruna,13,0,0,2,15
Private hospital,Kanva Sri Hospital,27 Rajivgandhi Nagar Nandini Layout Bengaluru 560096,8904187776,Admin,11,0,2,2,15
Private hospital,Bangalore Hospice Trust,Old Airport Vartur Main Road Kundalahalli Gate Marathalli Bengaluru 560037,8861298357,Parvathi,15,0,0,0,15
Private hospital,Sahasra Hospitals A Unit of JBS Nursing Home,N27B New no30 39th Cross 8th Block Jayanagar Bangalore560082,802324623,Sahasra,10,0,2,3,15
Private hospital,Sankeerthana Hospital Pvt Ltd,153 1st Cross Koramanagala 1st Block Beside Bandhana Bank Bangalore560034,802322623,Mamatha,13,0,0,2,15
Private hospital,Chaya Super Specialty Hospital,6 5th B Channasandr Main Road Kasturinagar Bengaluru 560043,9886134840,Chaya Hospital,14,0,0,1,15
Private hospital,New varalakshmi hospital,No 2 Mahakavi Kuvempu Road 2nd Stage Rajajinagar Bangalore,9845390002,New varalakshmi,11,0,2,2,15
Private hospital,Sree Lakshmi Hospital,Nagappa Reddy Layout Kaggadasapura C V Ramannagar Post Bengaluru 560093,8792462178,Sree Lakshmi Hospital,9,0,2,4,15
Private hospital,Sri Lakshmi Super Speciality Hospital,3rd Main Road old Extension Road KR Pura Bangalore 560036,9886009681,Sri Lakshmi Super Special,13,0,0,2,15
Private hospital,Spandana Health Care,29th Main 5th Block Nandini Layout Bengaluru 560096,9845134915,Spandana,12,0,1,2,15
Private hospital,Sevakshetra Hospital,27th Cross Banashankari 2nd Stage Bengaluru,9341097555,sevakshethra,11,0,2,2,15
Private hospital,Shree Sai Speciality Hospital,Amarjyothi Layout Inner Ring Road Near EGL Domlur Extension Bangalore 560071,9620384710,Shree Sai Speciality Hosp,10,0,2,3,15
Private hospital,Motherhood Hospital A Unit of Rhea Healthcare Pvt,HRBR Layout bangalore,9845093428,Kishan,13,0,0,1,14
Private hospital,Dr Levine Memorial Hospital Unit II,No 1141 BMS Plaza Mangammanapalya Mian Road Bommanahalli Hosur Road Bengaluru 560068,9902623415,Levine,14,0,0,0,14
Private hospital,Gangothri Hospital,BTM Layout 1st Phase,9449788888,Gangothri,8,0,2,4,14
Private hospital,Aashirvad Hospital,73 NPR Complex SLN Temple Road Beside Sri Lakshmi Narayana Temple Munnekolala marathhalli,9741191880,Aashirvad Hospital,11,0,1,2,14
Private hospital,Sita Bhateja Speciality Hospital,8 and 9 O shaughnessy Road Langford garden Bangalore 560025,9845298978,Dr Pradeep,14,0,0,0,14
Private hospital,Koya Health Care Pvt ltd,No 81 1 3rd Floor Richmond Road Opp Koshy s Bakery Bangalore 560025,8050733861,Koya,10,0,1,3,14
Private hospital,Lavendar Lotus Multispeciality Hospital Pvt Ltd,No 51 16th Cross Bhuvaneshwari Nagar kempapura Dasarahalli Virupakshapura Bangalore 560024,9035274148,gururaj,9,0,2,3,14
Private hospital,Mathru Multispeciality Hospital,No 32 2nd cross Manjunatha nagar Raghuvanahalli Kanakapura main road bangalore 560062,8970066661,MAlli,10,0,1,3,14
Private hospital,Rescue Hospital A Unit Of Ratkal Speciality Hospital,No 458 6th Main Road Kengeri Satellite Town Bengaluru 560060,9986342912,Ratkal,10,0,1,3,14
Private hospital,Bangalore Orthopaedic And Surgical Hospital,426 4th Cross 2nd Block Kalyan Nagar Bengaluru 560043,9844537375,Bangalore Orthopaedic,8,0,2,4,14
Private hospital,Motherhood Hospital Indira Nagar Healthcare Pvt,No 323 CMH Road 1st Stage Indiranagar Bangalore 560038,9845093428,ryan,10,0,2,2,14
Private hospital,Shantha Multi Speciality Hospital,Venkateshwara Complex BEL Layout 1st Stage Magadi Main Road Bangalore 560091,9449688944,shantha,9,0,2,3,14
Private hospital,Nandana Health Care Services India Private Limited,320 C 321 A 1st stage 2nd phase west of chord road manjunathnagar,9036019464,Dr S Harish,9,0,2,2,13
Private hospital,Cura Hospital,DODDAKALLASANDRA INDUSTRIAL AREA UTTARAHALLI HOBLI,9148002188,Shwetha,11,0,1,1,13
Private hospital,Kids Clinic India Pvt Ltd Cloudline Hospital,Nagarjuna Sai Signet 2nd Floor Plot No 11 SurveyNo 88 Whitefield Main Road Bangalore 560066,9542154251,Dr Yashoda R,10,0,0,3,13
Private hospital,N R Amar Hospital And Research Centre,no32 5th Cross 8th Main Byrasandra Jayanagara 1st Block Bangalore,9845524699,Amar,8,0,1,4,13
Private hospital,Nano hospital,79 Sri M Vishweshwara road near arakere sai baba temple BTM 6th stage 2nd block bangalore 56007,9686449600,Anand,10,0,1,2,13
Private hospital,Gayathri Hospitals Pvt Limited,Magadi Chord Road Vijayanagar Bengaluru 560040,9844030490,Gayathri,10,0,1,2,13
Private hospital,Green View Hospital,No 80 Old no 43 Ejipura Main Road Vivekanagar Bangalore 560047,9880548316,GV Hospital,11,0,1,1,13
Private hospital,Nelivigi Multispeciality Hospital,Vijaya Bank outer Ring Road Bellandur Circle Bangalore 560103,9901063252,Nelivig,10,0,1,2,13
Private hospital,New Akshay Mallya Hospital,Srinivasa Complex Marathhalli Road Marathhalli Bangalore 560037,9900070080,Akshay,9,0,2,2,13
Private hospital,Apollo Bangalore Cradle ltd,58 5th cross 18th main 6th block Koramangala Bangalore 560095,9880923689,Ganesh,9,0,2,2,13
Private hospital,Omega Multi Speciality Hospital A Unit of NARCC Mu,No 1236 Ward No 4 B Sector HIG 1 2 Phase Yelahanka New Town Bengaluru 560064,9739586190,Omegha,10,0,0,3,13
Private hospital,Prime Health Care Centre,No 2102 New High School Road V V Puram Basavanagudi Bangalore 560004,9845120475,Prime,7,0,2,4,13
Private hospital,Primecare Medical Services Multispecialty Clinic,158 MM Road Frazer Town Bengaluru 560005,9901212233,Prime,9,0,2,2,13
Private hospital,Leelavathi Multi Speciality Hospital Pvt Ltd,No 7 and 8 2nd Main Road Chamarajpet Bangalore 560018,9845657465,leelavathi,13,0,0,0,13
Private hospital,Medwell Multispeciality Hospital And Diagnostic Ce,1 And 2 Sy no09 and 10 Balaji Layout 1st Main Rayasandra Circle Near Indian Oil Petrol BunkBangalor,9611554172,Medwell,10,0,1,2,13
Private hospital,Rajajinagar Kidney Care Hospital,A Unit of Bangalore West Urologists Pvt Ltd No06 3rd Cross 1st R BlockRajajinagar Bangalore,802323658,Hanumantha,8,0,2,3,13
Private hospital,Ramakrishna Hospital Unit III,No 92 1 Konnappana Agrahar Village Begur Hobli Electronics City Post Bengaluru South Taluk 560100,9845284476,Rani,10,0,0,3,13
Private hospital,B N Speciality Hospital,No 02 Kasavanahalli Road Kaikondrahalli Sarjapur Main Road Bangalore 560035,9986348832,Ashish kumar,9,0,2,2,13
Private hospital,Kshema Hospital,Kodathi Gate Near HP Petrol Bunk Carmelaram Post Bangalore 560035,9742722717,KSHEMA,11,0,1,1,13
Private hospital,Malnad Hospital,No 2113637 5th Main Road Pipeline Road Shamanna Nagar Bangalore 560026,9945888999,Syeda,10,0,2,1,13
Private hospital,Syamala Hospital,Cambridge Road Ulsoor Bangalore 560008,8025361235,Syamala Hospital,10,0,1,2,13
Private hospital,Shishuka Childrens Hospital,5AC938 Ring Road Service Road Kalyan Naga HRBR Layout Bengaluru560043,802423623,Shishuka Childrens Hospit,11,0,0,2,13
Private hospital,Sidvin Hospital Pvt Ltd,20th Main Road 5th Block Rajajinagar Bangalore 560010,7799090908,Sidvin,8,0,2,3,13
Private hospital,Sri Sai Ram Hospital,JC Industrial Area Yelachenahalli Near Metro Cash And Carry Kanakapura Road Bangalore560062,806677888,Ram,11,0,1,1,13
Private hospital,Sri Rama Hospital Multi Speciality And Trauma,Sai Nandi Complex Near Sunkadakatte Bus Stop Bangalore 560091,807654332,Sri Rama Hospital Multi S,10,0,1,2,13
Private hospital,Kids Clinic India Pvt Ltd Cloudnine Hospital Varthur,Bellandur Village Varthur Hobli Bengaluru,9731835343,Dr Rashmi choudhary,10,0,0,3,13
Private hospital,Jai Banashankari Nursing Centre,Vasanthappa Building National Park Road Banneraghatta Bangalore 560083,9632647143,Vinay,12,0,0,0,12
Private hospital,Navya Super Speciality Hospital,4BM 403 2nd Block BDA HRBR layout Kammanahalli main road behind Titan World Bangalore 560043,9865654766,Navya,9,0,1,2,12
Private hospital,Health Nest,1162 23rd Main 24th Cross H S R layout Sector 2 Bengaluru 560102healthnest2010,9980031003,Nest,9,0,1,2,12
Private hospital,Akshaya Nursing Home,No 33 34 Balaji Avenue 2nd Stage Attur Main Road Yelahanka Bangalore 560106,8065475842,Akshya,9,0,1,2,12
Private hospital,Anugraha Vittala Hospital,No 9 Patalamma Temple Street Basavanagudi Bengaluru 560004,9845006123,Anugraha,11,0,0,1,12
Private hospital,Artyem Hospital,No1221 Kempegowda Double Road BEML 5th stage Rajarajeshwarinagar Bangalore 560098,9902823421,Bharath,10,0,1,1,12
Private hospital,Rafi Life Care Hospital,1 opp K G Halli Police Station Nagarawara Main Road Arabic College Post Bangalore 560045,6362614698,Rafi,7,0,2,3,12
Private hospital,Best Hospital,NH 07 Hosur Main Road Beside KMS Kalyana Mantapa Anekal Taluk Bengaluru 562106,9538897789,Raghava,8,0,0,4,12
Private hospital,Unity Lifeline Hospital India Pvt Ltd,Ekadanta 80 Feet Road 2nd Block 2nd Stage Nagarabhavi Bangalore 560072,9980224430,Unity Life line,9,0,1,2,12
Private hospital,Milann A Unit off BACC Healthcare Pvt Ltd,No 82 CMH Road Indiranagar 2nd Stage Bangalore 560038,8123934729,Milana,8,0,1,2,11
Private hospital,Phoenix Hospital,No26 1st Main 2nd Cross CC Garden Near Subbhiah Circle Bangalore560027,9844022705,Dr Hiremath,6,0,2,3,11
Private hospital,Karunalayam Hospital,Carmelaram Post Bangalore 560035,9886052529,Karuna,7,0,2,2,11
Private hospital,Medic Star Hospital,No 171 Arunachalam Mudaliar Road Shivajinagar Bangalore560001,9341364449,Medistar,7,0,1,3,11
Private hospital,Bharth Poly Clinic Nursing Home,No 59 13A 2nd F Cross 6th Main TATa Silk Farm Bengaluru 560004,9035813787,Shivputra,8,0,1,2,11
Private hospital,Sakhii Hospitals A Unit of Prasad Health Care Serv,123 7th Cros Dllars Colony Billekahalli BTM 2nd Stage Opp BGRoad Bangalore560076,802265455,Sakhil,9,0,1,1,11
Private hospital,Siddalingappa Memorial Hospital,1st Floor SM Hospital Konanakunte Cross 560062,9845028384,Abhay,7,0,2,2,11
Private hospital,Kids Clinic India Pvt Ltd Cloudnine Hospital Horamavu,Horamavu Village K R Puram hobli Bengaluru South Taluk Outer Ring Road Bangalore 560043,9745541414,Subhash T,6,0,1,4,11
Private hospital,Devi Super Speciality Eye Hospital Pvt Ltd,Plot No 185 Thubarahalli Villege Ramagondanahalli Post Bangalore 560096,9880463532,Devi,10,0,0,0,10
Private hospital,Manasa Hospital,No 107 6th main 2nd cross vijayanagara Bangalore 560040,9845050887,Manasa,9,0,0,1,10
Private hospital,Deepashri Hospitals,86 2nd Main 16th D Cross Malagala Near inner Ring Road under Pass Nagarabhavi 2nd Stage Bangalore,9900136415,Deeparshri,7,0,1,2,10
Private hospital,Sri Arogya Hospital,No1 And 2 Kuvempu Nagar 2nd Cross Kattigenahalli Bagalur Main Road Bangalore,7975389292,Manasa,10,0,0,0,10
Private hospital,Genesis Hospital Unit of American Hospital,No 10 2 Queens Road Bangalore 560052,9844441322,Genesis,7,0,1,2,10
Private hospital,Adarsh Multi Speciality Hospital,No1943 1st A Main 6th Cross Near Andhra Bank Kengeri Satellite town Bangalore 560060,9845334405,Manju,7,0,1,2,10
Private hospital,NRV Hospital,28 3 Kadigenahalli BB Road Vidyanagar Cross Bengaluru North Bengaluru 562157,9880895326,NRV,8,0,0,2,10
Private hospital,Jai Maruthi Hospital,No 208 210 Hegganahalli Near Peenya 2nd Stage Vishwaneedam Post Bengaluru 560091,8591617506,Nagu,8,0,1,1,10
Private hospital,Asian Hospital,No 27 A Cross Opp Vani Vilas Hospital K R ROad Near City market,9945550000,Vani,8,0,1,1,10
Private hospital,Life Care Hospital,2 24 OM Complex 20th Main Gangothri Circle BTM 1st Stage Bengaluru 560029,9686992558,Mr prasad,6,0,1,3,10
Private hospital,Radhakrishna Multispeciality Hospital Ivf Center,743 645 62 1 Basaveshwara complex Kakolu road rajanukunte Bangalore 560064,9844809822,Radha,9,0,0,1,10
Private hospital,Rajalakshmi Hospital,21 1 LakshmiPura Main Road opp Lakshmipuralake Vidyaranyapura Post Bangalore 560097,9620158585,Suman,7,0,1,2,10
Private hospital,Royal Bangalore Hospital Sehat Care Health Care,1st Floor Y4 Hights No 7M 235 7th Main HRBR 2nd Block 80 Feet Road Kalyana nagar Banaswadi,7259786612,Royal,5,0,2,3,10
Private hospital,Saibaba Hospital,No12 Leggere Main Road Leggere Bengaluru 560058,802333623,Sai baba,8,0,0,2,10
Private hospital,BSA Nursing Home,3rd Main Bismillanagar Bannerghatta Road Cross Bangalore 560029,9945614323,Adeebura,8,0,1,1,10
Private hospital,Chaitanya Hospital,117 P and T Colony RT Nagar Bangalore 560032,9900520357,Chaithanya Hospital,9,0,0,1,10
Private hospital,Deeksha Hospital,387 47 Next to post office B B Road Nehrunagar Yelahanka old town Bangalore 560064,8125465879,Arun,8,0,1,1,10
Private hospital,Sree sai prasad multispeciality Hospital,Near Mother Dairy cross yelahanka new town Bangalore 560064,9844510900,Prasad,8,0,1,1,10
Private hospital,TR Hospital,Kothanur Dinne Main Road JP Nagar 8th Phase Bengaluru 560078,9987678999,TR hospital,8,0,0,2,10
Private hospital,Tejas Hospital,9th Main 13th Cross Sector 6 HSR Layout Bangalore 560102,9769334021,Tejas,7,0,1,2,10
Private hospital,Swasthik Hospital,No.76 circle 1 Sarjapur Main Rd Dommasandra Bengaluru Karnataka 562125,9482909009,Kasala,8,0,1,1,10
Private hospital,Sun Orthopaedic Hospital,24 Brindavan Nagar 80 feet Main Road Mathikere Bangalore560054,9900600923,Sun,10,0,0,0,10
Private hospital,Srinivasa Nursing Home,Lakshmi Complex Peenya 3rd phase Bangalore 560058,9980457455,Srinivasa,7,0,1,2,10
Private hospital,Devi Super Speciality Eye Hospital Pvt Ltd,Plot No 185 hubarahalli Villege Ramagondanahalli post Varthur Main Road Whitefield Bangalore,7259175326,devi,10,0,0,0,10
Private hospital,Gayathri Diagnostics And Health Services A Unit of,N126 08th Main JP Nagar 3rd Phase Bangalore 560078,9845835093,sathish,7,0,1,1,9
Private hospital,Geetha Nursing Home,HMT Layout Dinnur Main Road RT Nagar Bangalore 560032,9741887745,Geetha,7,0,1,1,9
Private hospital,Anjani Hospital,301 303 9th Main Kalyan Nagar 1st Phase HRBR Layout Bangalore 560043,9686339602,Cravik,7,0,1,1,9
Private hospital,Aswad hospital,18 11 Roopenaagrahara Hosur Main Road Bangalore 560068,9161238888,Ashwad,7,0,1,1,9
Private hospital,Promed Hospital,3781 13th Cross BSK 2nd Stage Bangalore 560070,9845428898,Pramod,7,0,1,1,9
Private hospital,R K Hospital,743 645 62 1 Basaveshwara complex Kakolu road rajanukunte Bangalore 560064,9844809822,Nipun,8,0,0,1,9
Private hospital,Relive Hospital,No 474 330 3 Above Andra Bank Gundappa Circle Bagalur Bangalore 562149,7795002956,Chandramohan,8,0,0,1,9
Private hospital,Ayaansh Hospital,No 352 CMH Road Indiranagar Bangalore 560038,9958816886,Dr S P rao,7,0,0,2,9
Private hospital,Sri Sai Northside Hospital,60 Feet Road Sahakara Nagara Bangalore 560092,9620094999,Sri Sai,9,0,0,0,9
Private hospital,Shobha Hospital,No 2930 Shobha Hospital Nagarabhavi Main Road Vijayanagar Bengaluru 560040,802323623,Shobha Hospital,8,0,0,1,9
Private hospital,Lenus Hospitals,N126 08th Main JP Nagar 3rd Phase Bangalore 560078,9845835093,Lenus,8,0,0,1,9
Private hospital,Venkatagiri Nursing Home,Byrasandra Main Road 1st Block East Jayanagar Bengaluru 560011,9845163535,giri,7,0,0,2,9
Private hospital,Jayashree Multispeciality Hospital,No 25 26 and 27 1st cross B Block Vishwapriya Nagar Begur Bangalore,9845097697,danaraj,3,0,2,3,8
Private hospital,Meghana Nursing Home,NO 13 9th Main 60feet Road J C Nagar Kurubarahalli Bangalore 560086,9986340360,Meghana,5,0,1,2,8
Private hospital,Manasa Hospital,SSS Mension Kiadb Ind Area Airport Main Road Opp Maheshwaramma Temple Bagalur Colony Bagalur Blr,9845093428,Manasa,7,0,0,1,8
Private hospital,E City Hospital,No 47 13 Srinivasa Complex Velankani to Patalamma temple Road Doddathugur Electronic City,9538495885,Ahava,6,0,1,1,8
Private hospital,AANSH IVF Hospitals Pvt Ltd,No13 6th Cross 100 feet Road Srinivagilu koramangala Bangalore 560047,8884066657,Santosh,8,0,0,0,8
Private hospital,Green View Health Care Pvt Ltd,20 and 21 14th Main V Sector HSR layout opp To Agara Lake Bengaluru 560034,9844119405,Ganesh,7,0,0,1,8
Private hospital,Health Plus Multi Speciality Hospital,No 70 Shop No 08 TC Palya Main Road Near St Anthony Church Bangalore 560036,9448410132,Reddy,7,0,0,1,8
Private hospital,Om Shakthi Hospital,1 And 2 Balaji Homes Anand Nagar 1st Main Kempegowda International Airport Road Bagalur Cross,9986356016,Shakti,6,0,1,1,8
Private hospital,Jupiter Hospital,28 7th Main 9th Cross Malleshwaram Bangalore 560003,9341220446,Jupiter,7,0,0,1,8
Private hospital,Prasad Hospital,1st main road 4th phase industrial area yelahanka new town bangalore 64,9448141371,Prasad,6,0,1,1,8
Private hospital,Raghavendra Nursing Home,947 16th B Cross New town yelahanka Bangalore 560064,9845934991,Raghavendra,7,0,0,1,8
Private hospital,Rajarajeshwari Hospital,Ground Floor Ramanjaneya Building Garudacharpalya Main Road Mahadevapura Bangalore 560048,9538431804,Rajashekar,6,0,1,1,8
Private hospital,Banashankari Hospital,Veerabadra swamy layout 1st cross opp veerabadra swamy temple Doddanagamangala Electronic city,7676159998,Sharan,7,0,0,1,8
Private hospital,Bhagavathi Multispeciality Hospital,No L 168 6th Sector HSR Layout Bangalore 560102,9538676939,Bhagavathi Hospital,6,0,1,1,8
Private hospital,Sai Ambica Hospital,32 30th Cross Road Thilak Nagar Jayanagara Bangalore560041,802323653,Aishwarya,7,0,0,1,8
Private hospital,Sanjeevini Hospital,No 760 7th Main Last Bus Stop Mahalaxmi Layout,7022023351,Shrihari,5,0,1,2,8
Private hospital,Saralaya Hospitals pvt Ltd,1B Saralaya Layout Shree Krishna Gardens Kottigenahalli Yelahanka Post Bangalore 560064,9480315066,Pradeepa,6,0,1,1,8
Private hospital,City Hospital,20th Main West of Chord Road 2nd Block Rajajinagar Bengaluru 560010,9448558395,AnandaChary,6,0,0,2,8
Private hospital,Udhbhava Hospital,100 Feet Ring Road BSK3rd Stage Bengaluru 560085,9844026294,Udjbhava Hospital,6,0,0,2,8
Private hospital,Uma Nursing Home,Mangammanapalya Main Road Bommanahalli Bengaluru 560068,9242188626,Uma Prabakar,7,0,0,1,8
Private hospital,JMJ Hospital,Nagavara Arabic College P O Bangalore 560045,9448472048,JMJ Hospital,7,0,0,1,8
Private hospital,VISHAL MULTI SPECIALITY HEALTH CAARE CENTRE,19153 G P COMPLEX 1st CROSS ANANDPURA CIRCLE T C PALYA K R PURAM BANGALORE,7019281538,Vishal,8,0,0,0,8
Private hospital,Supriya Hospital,7th Cross Prakash nagar Bangalore 560021,9844018098,Supriya Hospital,8,0,0,0,8
Private hospital,Srinivasa Hospital,Andrahalli Main Road Peenya 2nd Stage Beside Anupama School Rameshwar Nagar Bangalore 560091,9901245405,Srinivasa,6,0,1,1,8
Private hospital,Sri Venkateshwara Hospital,Hosur Main road Madiwala Bangalore 560048,906643322,Sri Venkateshwara Hospita,7,0,0,1,8
Private hospital,Shree Hari Hospital,Sri Nan jundeshwara Commercial Complex Siddanavasahalli Madanayakanahalli Pos Bangalore,9620158585,Satya,7,0,0,1,8
Private hospital,Shradha Nursing Home,Shiva Theatre 8th Block Koramangala Bangalore 560095,9845624468,Shradha Nursing Home,5,0,1,2,8
Private hospital,Chirayu Hospital,No 6 8 Behind Anjaneya Temple Thanisandra Main Road Dr Shivaramakaranth Nagar post Bangalore,9663360205,Chirayu,7,0,0,1,8
Private hospital,Shree Maternity Home,2nd Main Road Defence Colony Hesarghatta Road Bengaluru 560073,8970851932,poornima,6,0,1,1,8
Private hospital,Vedamrutha Hospital,Near Dairy Bus Stop Hegganahalli Main Road Peenya 2nd Stage Bangalor560021,8105349800,veda,6,0,1,1,8
Private hospital,Nandini Hospital And Diagnostic Centre,Veera Bhadra Nilaya Ground Floor Rudrappa Layout Near Udupi Garden Hotel Channasandra Main Road,8660513701,Nandini,6,0,0,1,7
Private hospital,Narayana Medical Center,Hosur Road Bangalore,9880450383,Joseph,6,0,0,1,7
Private hospital,Maya Multispeciality Hospital,PVR Complex No 180 194 opp Govt Primary School Panathur Bangalore 560103,8970096901,Maya,5,0,0,2,7
Private hospital,Shankar Nursing Home,No01 sy no 05 2nd Stage 17th Cross Gayathri Layout Basavanapura Main Road K R Puram Bangalore,802235666,Shankar Nursing Home,6,0,0,1,7
Private hospital,Mysore Hospital,356 Goraguntepalya Yeshwanthpur Bangalore 560022,9880277002,Mytan,6,0,0,0,6
Private hospital,Hemalatha Hospital,No 19 7th Cross Rose Garden Neelasandra 560047,9663580392,Niranjan shetty,6,0,0,0,6
Private hospital,Lakshmi Nursing Home,No 567 1st Cross Chokkasandra T Dasarahalli Bengaluru 560057,9738992185,Lakshmi,5,0,0,1,6
Private hospital,Sree Lakshmi Multi Speciality Hospital,Hogasandra Bus Stop Begur Main Road Bengaluru 560068,9731395837,sreelakshmi,4,0,0,2,6
Private hospital,Sree Balaji Hospital and diagnostic,MES main road muttyalamma nagar bengaluru,9036137016,Sree Balaji Hospital,3,0,3,0,6
Private hospital,Shivaganga Nursing Home,1232 Tumkur road madanayakanahalli Bangalore562123,802323677,Shivaganga Nursing Home,5,0,0,1,6
Private hospital,Sri Vinayaka Multispeciality Hospital And Trauma C,Mylanahalli B K Halli Post Jala Hobli Bangalore 562149,806655432,Sri Vinayaka Multispecial,5,0,0,1,6
Private hospital,Sri Shivakrupa Hospital,Nagarahole Main Road Mahadeshwaranagar Magadi main road Bangalore560 091,9845320271,Sri Shivakrupa Hospital,5,0,0,1,6
Private hospital,Kavitha Hospital,95 4th main vijayachandra Kalyana Mantapa road sunkadakatte Bengaluru,9341217545,Dr TJ pradeep Kumar,2,0,1,2,5
Private hospital,Vimalalaya Hospital a Unit of Vimalalaya hospital,Huskur Gate Hosur Road Post Electronic City Bengaluru Karnataka 560100,8867148162,Dr Sinshi,4,0,0,1,5
Private hospital,BMS Hospital,Bull Temple Road Basavanagudi Bangalore 560004,9900013238,Dr G H Rao,1,0,1,3,5
Private hospital,Jagriti Maternity Home,282 A 38th Cross 14 Main 4th T Block Jayanagar Bangalore 560041,9980935162,Jagariti,5,0,0,0,5
Private hospital,Patil Hospital,Below Syndicate Bank Sri Thimmappa Complex Old Madras Road Krishnarajapuram Bangalore 560036,9844545745,Patil,3,0,1,1,5
Private hospital,Pavan Hospital,No110 JJ Towers 3rd Main Gandhinagar Yelahanka Old Town Bengaluru 560064,9449240254,Dr Pavan Kumar,4,0,0,1,5
Private hospital,Kanaka Maternity Hospital,No 152 Shankar Reddy Building Next to Thirumala theatre Agra HSR Layout Bangalore 560102,9845260383,santhosh,3,0,1,1,5
Private hospital,Kenganar Hospita,No 3 2803 Chikkagollarahatti Kachohalli Gate Magadi Main Road Dasanapura Hobli Bangalore 5600,9448513667,Kenganar,5,0,0,0,5
Private hospital,Bloosom Fertility Center And Hospital,Sri Rajeshwari Towers 1st floor No 353 354A 8th Main Basaveshwaranagar Bangalore 560079,9986553636,Shwtha,4,0,0,1,5
Private hospital,Sri Arogya Hospital Rammurthy nagar,76 93 Kalkere Main Road Opposite More Super Market Kodenahalli Ramamurthy Nagar Bangalore 560016,9986263516,Sri Arogya Hospital,3,0,2,0,5
Private hospital,Like Wings Hospitals Pvt Ltd,No 50 2954 74 Ward No 89 29 HBR 1st Block Kacharakanahalli Bangalore 560043,7760881432,Like,5,0,0,0,5
Private hospital,Srinivasam Cancer Care Multi Speciality Hospital,No 36 1st A Main 5th Cross Maruthi Nagar Nagarbhavi Main Road Bangalore 560072,9844126505,K C LAKSHMAIAH,1,0,1,3,5
Private hospital,Sumathi Hospital,1st Main 60feet Road Pattegarpalya Srinivasa Nagar Bengaluru 560072,9845742685,Naina,5,0,0,0,5
Private hospital,R R Hospital,No 39 3 Shruthi 2nd left Flower Garden Devasandra Main Road K R Puram Post K R Puram Bangalore,9743878715,abcd,5,0,0,0,5
Private hospital,AYESHA SPECIALITY HOSPITAL,No 19 Old No 1355 32nd E Cross Jayanagar 4th T Block Bangalore 560041,9845048418,Asif,4,0,0,0,4
Private hospital,Jeevika Hospitals Pvt Ltd,95 3 Marathalli Outer ring road Doddanekundi Bangalore,9845161121,Dr Ashok Reddy,1,0,0,2,3
Private hospital,POPULAR MATERNITY CENTRE AND NURSING HOME,NO 27 MASJID STREET YG PALYA BANGALORE 560047,9886716750,Fareeda,3,0,0,0,3
Private hospital,Sai Hospital,N126 08th Main JP Nagar 3rd Phase Bangalore 560078,9845835093,Sai hospital,3,0,0,0,3
Private hospital,Aastha OrthoDerma Centre,No 4 2 2nd Cross Kamakya Layout Banashankari 3rd Stage Bengaluru 560085,9886553646,vinod,3,0,0,0,3
Private hospital,Vinayaka Hospital,No13 29 Prathik Complex Opp Banashankari Tent Hongasandra Begur Main Road Bengaluru 560068,9945089927,Gopal,0,0,1,2,3
Private hospital,Bhagwan Mahaveer Jain Hospital Girinagar,6th Cross 3rd Main Avalahalli Extension Girinagar,9538998631,DR RESHMA,2,0,0,0,2
Private hospital,Comfort Multi Speciality Hospital,Kaggadasapura Main Road C V Raman Nagar Kaggadasapura Bengaluru Karnataka 560093,9663350232,Dr Jaqlin,0,0,0,1,1
Private hospital,SSG Hospital,No171 2nd Main Kempegowda Nagara Behind Petrol Bunk Magadi Road Bengaluru 560091,802355623,SSG,1,0,0,0,1
Private hospital,Shankar Supre Speciality Hospital,Ganigarapalya Grama Vajarahalli Bangalore 560062,9008031611,shankar,1,0,0,0,1
Private hospital,ABHAYA EYE HOspital,Vasanthappa Building National Park Road Banneraghatta Bangalore 560083,9632647143,Vinaya,1,0,0,0,1
Private hospital,Supurva Hospitals Private Limited,No 1 Vasanthapura Main Road Bangalore 560061,9886732251,Dr Yogi,0,0,0,0,0
Private hospital,Sreenivasa hospital,12 PARK ROAD Near CHICKLALBAGH BANGALORE 560053,9845072702,Dr Asha BS,0,0,0,0,0
Private hospital,M S SHEKHAR HOSPITAL,NO 81 BULL TEMPLE ROAD BANGALORE 19,9741115100,Dr Ashwini S,0,0,0,0,0
Private hospital,Meenakshi Hospital,50 Feet Main Rd Hanumanthnagar Banashankari Stage I Bengaluru Karnataka 560050,9900262564,Dr Upendra Kumar,0,0,0,0,0
Private hospital,Aaxis Hospital,BBMP Sl No 786 property No 29 1 and 30 Belathur Village Bidarahalli Hobli Kadugodi Bengaluru,9442170872,Nagaraj,0,0,0,0,0
Private hospital,The Pulse Multispeciality Hospital,5 9 5 8 1 20th Main Road 50 Feet Rd Muneshwara Block Banashankari Bengaluru Karnataka 560085,9343795231,Guruprasad,0,0,0,0,0
Private hospital,Manjushree hospital,NO 91 DR AMC ROAD KAVALBYRASANDRA R T NAGAR POST BENGALURU 560032,9845158818,R T Naik,0,0,0,0,0
Private hospital,Chiraayu hospital Bangalore,NO 1 PEMMEGOUDA ROAD JC NAGAR BENGALURU 560006,9741007544,Santosh Rathod,0,0,0,0,0
Private hospital,Athreya Hospital,No 6 2B Opposite Suryanagar Phase I Chandrapura Anekal Main Road Bangalore,9945335257,Dr Narayanaswamy,0,0,0,0,0
Private hospital,Shushrusha Hospital Yelahanka,421 357 B B ROAD YELAHANKA OLD TOWN BANGALORE 560064,8197137677,Kumaraswamy,0,0,0,0,0
Private hospital,Sri Sri College of Ayurvedic Science and Research,B M Kaval Udayapura Kanakapura Rd Bengalore Karnataka 560082,9538176059,Dr Ganesh Puttur,0,0,0,0,0
Private hospital,Manasa Trinity Heart Hospital,4 38 1ST MAIN ROAD 4TH PHASE OPP EAPL FACTORY NEAR MOTHER DAIRY CIRCLE INDUSTRIAL AREA YELAHANKA,984509089,Dr Shivakumar,0,0,0,0,0
Private hospital,Akash Hospital,Akash Hospital Near Kempegowda International Airport Devanahalli Bangalore Rural 562110,8071159900,Dr BRIJESH,0,0,0,0,0
Private hospital,Prashanth Hospital,No 90 d Hosur road Bommanahalli circle,9182759767,Dr c vishwanath reddy,0,0,0,0,0
Private hospital,Sri Lakshmi Multi Specialty Hospital,Srigandhand Kaval Sunkadakatte Vishwaneedam post Magadi main Road Bengaluru,802245630,Medical director,0,0,0,0,0
Private hospital,NR Hospital,731 Bengaluru Hosur High way Attibele Anekal Taluk Bengaluru562107,9448371775,Manjunath,0,0,0,0,0
Private hospital,Abhinav Hospital,Near Metro Station Magadi Main Road Bangalore 560023,9538676939,Abhinav,0,0,0,0,0
Private hospital,Kruthika Hospital,Nanjappa Cross Vidyaranyapura Main RoadBangalore560097,9845006801,Kruthika,0,0,0,0,0
Private hospital,Lake View Hospital,No 187 269 186 Ring Road Agara HSR Layout Bangalore 560102,9900156577,Ravi yashika,0,0,0,0,0
Private hospital,Life line Hospital,Kaggalipura Main Road kaggalipura Bangalore 560082,9741071565,lifeline,0,0,0,0,0
Private hospital,Like Wings Hospirtals Pvt Ltd,Kacharakanahalli Bangalore 560043,7760881432,Rajeev,0,0,0,0,0
Private hospital,London Care Hospital,Plot no 2572 18th main Kumarswamy Layout 2nd Stage Bangalore 560078,9611374397,Anand,0,0,0,0,0
Private hospital,Lotus Hospital,No 43 Karnataka Layout 1st Stage Kurubarahalli Main Road Bangalore 560086,7676252533,Lotus,0,0,0,0,0
Private hospital,M G A Hospital,No 96 Main Road Marathahalli Bengaluru 560037,8150023263,Hema,0,0,0,0,0
Private hospital,Magnus Health Care Research Pvt Ltd,Dr Honnappa Farm Venkala Buliding Bannerghatta Main Road Gottigere Post Bengaluru 560083,9036684453,Magnus,0,0,0,0,0
Private hospital,Mamta Hospital,12D Dr Rajgopal Road Next To Food World Rajmahal Vilas 2nd Stage Bengaluru 560094,9738383021,mamta,0,0,0,0,0
Private hospital,Maruthi Hospital,Sri Guru Krupa Nilaya Bagaluru Sthnur Main Road Bagaluru Bangalore North 562149,9108365243,Maruthi,0,0,0,0,0
Private hospital,Medivision Hospitals,1st Cross Ramanjaneya Layout Ring Road Marathahalli Bangalore 560037,9845848474,Medivision,0,0,0,0,0
Private hospital,Sri Raghava Childrens And General Hospital,Opp Syndicate Bank Sarjapura Main Road tilaknagar Attibela Circle Anekal taluk Bangalore 562107,9980031003,Raghava,0,0,0,0,0
Private hospital,U K HOSPITAL,Akshaya Nagar Attur Village Yelahanka Bangalore,8496931069,U K HOSPITAL,0,0,0,0,0
Private hospital,Kids Clinic India Pvt Ltd Cloudline Hospital,No 1533 9th main Road 3rd Block Jayanagar Bangalore 560011,9880545545,Hanumantha,0,0,0,0,0
Private hospital,Fortis Hospital Bannerghatta,BANNERGHATTA ROAD,9513805945,Fortis Hospital Bannergha,0,0,0,0,0
Private hospital,Neha Multispeciality Nursing Home,No 3 4 Chuna Lane Hidayath Nagar KG Halli Bangalore 560045,9844425830,Neha Multispeciality Nurs,0,0,0,0,0
Private hospital,ASTRA SUPER SPECIALITY HOSPITAL,ASANTHAPURA MAIN ROAD KONANAKUNTE CROSS BANGALORE 560062,9606444657,Astra,0,0,0,0,0
Private hospital,ABHAYA HOSPITAL,Opp 9th Cross Bus Stop Hosur Road Wilson Garden Bengaluru,9845028384,Dr Sathish,0,0,0,0,0
Private hospital,Manipal Hospitals Whitefield,143 212 2015 KR Puram Hobli Off Hoodi Village EPIP Industrial Area Whitefield Bengaluru,9600411911,Manipal hopsital,0,0,0,0,0
Private hospital,ANUPAMA HOSPITAL,72 3 BEL LAYOUT 2nD PHASE BYADARAHALLI BANGALORE 560091,9886006706,anupama,0,0,0,0,0
Covid Care Center (CCC),Haj Bhavan,Kannuru Bellahalli Karnataka 560064,,,,,,,
Covid Care Center (CCC),Govt Ayur College,Dhanvantari Road Bangalore Bengaluru Karnataka 560010,,,,,,,
Covid Care Center (CCC),GKVK Agri,Gandhi Krishi Vignana Kendra Bengaluru Karnataka 560065,,,,,,,
Covid Care Center (CCC),Koramangala,National Games Village Complex Bengaluru Karnataka,,,,,,,
Covid Care Center (CCC),Horti Boy's Hostel,Nandi Boys Hostel College of Horticulture Vignana Kendra Bengaluru Karnataka 560065,,,,,,,
Covid Care Center (CCC),Horti Girls's Hostel,Mandara Girls Hostel Unnamed Road Vignana Kendra Bengaluru Karnataka 560065,,,,,,,
